-- Auto-generated insertions for Branch Bogota Centro (BOG-01) for the last 6 months

-- PURCHASE ORDERS
INSERT INTO purchase_orders (id, created_at, updated_at, order_number, supplier_id, branch_id, status, created_by_id, updated_by_id, total) VALUES
('80000000-0000-0001-0000-000000000001', '2025-11-15 10:00:00', '2025-11-15 14:00:00', 'PO-20251115-001', '30000000-0000-0000-0000-000000000001', '10000000-0000-0000-0000-000000000001', 'RECEIVED', '50000000-0000-0000-0000-000000000004', '50000000-0000-0000-0000-000000000004', 500.0000),
('80000000-0000-0001-0000-000000000002', '2025-12-05 09:30:00', '2025-12-05 11:15:00', 'PO-20251205-001', '30000000-0000-0000-0000-000000000002', '10000000-0000-0000-0000-000000000001', 'RECEIVED', '50000000-0000-0000-0000-000000000004', '50000000-0000-0000-0000-000000000004', 300.0000),
('80000000-0000-0001-0000-000000000003', '2026-01-20 14:00:00', '2026-01-20 14:00:00', 'PO-20260120-001', '30000000-0000-0000-0000-000000000003', '10000000-0000-0000-0000-000000000001', 'CANCELLED', '50000000-0000-0000-0000-000000000004', '50000000-0000-0000-0000-000000000004', 150.0000),
('80000000-0000-0001-0000-000000000004', '2026-02-10 11:00:00', '2026-02-10 15:00:00', 'PO-20260210-001', '30000000-0000-0000-0000-000000000004', '10000000-0000-0000-0000-000000000001', 'RECEIVED', '50000000-0000-0000-0000-000000000004', '50000000-0000-0000-0000-000000000004', 1200.0000),
('80000000-0000-0001-0000-000000000005', '2026-03-01 08:00:00', '2026-03-01 10:00:00', 'PO-20260301-001', '30000000-0000-0000-0000-000000000001', '10000000-0000-0000-0000-000000000001', 'RECEIVED', '50000000-0000-0000-0000-000000000004', '50000000-0000-0000-0000-000000000004', 450.0000),
('80000000-0000-0001-0000-000000000006', '2026-03-15 09:00:00', '2026-03-15 09:00:00', 'PO-20260315-001', '30000000-0000-0000-0000-000000000002', '10000000-0000-0000-0000-000000000001', 'CANCELLED', '50000000-0000-0000-0000-000000000004', '50000000-0000-0000-0000-000000000004', 200.0000),
('80000000-0000-0001-0000-000000000007', '2026-04-10 13:00:00', '2026-04-10 16:30:00', 'PO-20260410-001', '30000000-0000-0000-0000-000000000003', '10000000-0000-0000-0000-000000000001', 'RECEIVED', '50000000-0000-0000-0000-000000000004', '50000000-0000-0000-0000-000000000004', 640.0000),
('80000000-0000-0001-0000-000000000008', '2026-04-25 10:30:00', '2026-04-25 14:00:00', 'PO-20260425-001', '30000000-0000-0000-0000-000000000005', '10000000-0000-0000-0000-000000000001', 'RECEIVED', '50000000-0000-0000-0000-000000000004', '50000000-0000-0000-0000-000000000004', 320.0000),
('80000000-0000-0001-0000-000000000009', '2026-05-01 08:30:00', '2026-05-01 08:30:00', 'PO-20260501-002', '30000000-0000-0000-0000-000000000001', '10000000-0000-0000-0000-000000000001', 'CANCELLED', '50000000-0000-0000-0000-000000000004', '50000000-0000-0000-0000-000000000004', 180.0000),
('80000000-0000-0001-0000-000000000010', '2026-05-03 15:00:00', '2026-05-03 17:00:00', 'PO-20260503-001', '30000000-0000-0000-0000-000000000004', '10000000-0000-0000-0000-000000000001', 'RECEIVED', '50000000-0000-0000-0000-000000000004', '50000000-0000-0000-0000-000000000004', 900.0000);

-- PURCHASE ORDER ITEMS
INSERT INTO purchase_order_items (id, created_at, updated_at, created_by_id, updated_by_id, purchase_order_id, product_id, quantity, unit_price) VALUES
('81000000-0000-0001-0000-000000000001', '2025-11-15 10:00:00', '2025-11-15 14:00:00', '50000000-0000-0000-0000-000000000004', '50000000-0000-0000-0000-000000000004', '80000000-0000-0001-0000-000000000001', '40000000-0000-0000-0000-000000000001', 50.0000, 10.0000),
('81000000-0000-0001-0000-000000000002', '2025-12-05 09:30:00', '2025-12-05 11:15:00', '50000000-0000-0000-0000-000000000004', '50000000-0000-0000-0000-000000000004', '80000000-0000-0001-0000-000000000002', '40000000-0000-0000-0000-000000000002', 20.0000, 15.0000),
('81000000-0000-0001-0000-000000000003', '2026-01-20 14:00:00', '2026-01-20 14:00:00', '50000000-0000-0000-0000-000000000004', '50000000-0000-0000-0000-000000000004', '80000000-0000-0001-0000-000000000003', '40000000-0000-0000-0000-000000000003', 10.0000, 15.0000),
('81000000-0000-0001-0000-000000000004', '2026-02-10 11:00:00', '2026-02-10 15:00:00', '50000000-0000-0000-0000-000000000004', '50000000-0000-0000-0000-000000000004', '80000000-0000-0001-0000-000000000004', '40000000-0000-0000-0000-000000000005', 60.0000, 20.0000),
('81000000-0000-0001-0000-000000000005', '2026-03-01 08:00:00', '2026-03-01 10:00:00', '50000000-0000-0000-0000-000000000004', '50000000-0000-0000-0000-000000000004', '80000000-0000-0001-0000-000000000005', '40000000-0000-0000-0000-000000000002', 30.0000, 15.0000),
('81000000-0000-0001-0000-000000000006', '2026-03-15 09:00:00', '2026-03-15 09:00:00', '50000000-0000-0000-0000-000000000004', '50000000-0000-0000-0000-000000000004', '80000000-0000-0001-0000-000000000006', '40000000-0000-0000-0000-000000000001', 20.0000, 10.0000),
('81000000-0000-0001-0000-000000000007', '2026-04-10 13:00:00', '2026-04-10 16:30:00', '50000000-0000-0000-0000-000000000004', '50000000-0000-0000-0000-000000000004', '80000000-0000-0001-0000-000000000007', '40000000-0000-0000-0000-000000000003', 40.0000, 16.0000),
('81000000-0000-0001-0000-000000000008', '2026-04-25 10:30:00', '2026-04-25 14:00:00', '50000000-0000-0000-0000-000000000004', '50000000-0000-0000-0000-000000000004', '80000000-0000-0001-0000-000000000008', '40000000-0000-0000-0000-000000000005', 16.0000, 20.0000),
('81000000-0000-0001-0000-000000000009', '2026-05-01 08:30:00', '2026-05-01 08:30:00', '50000000-0000-0000-0000-000000000004', '50000000-0000-0000-0000-000000000004', '80000000-0000-0001-0000-000000000009', '40000000-0000-0000-0000-000000000001', 18.0000, 10.0000),
('81000000-0000-0001-0000-000000000010', '2026-05-03 15:00:00', '2026-05-03 17:00:00', '50000000-0000-0000-0000-000000000004', '50000000-0000-0000-0000-000000000004', '80000000-0000-0001-0000-000000000010', '40000000-0000-0000-0000-000000000002', 60.0000, 15.0000);


-- SALES
INSERT INTO sales (id, created_at, updated_at, sale_number, branch_id, status, created_by_id, updated_by_id, total) VALUES
('90000000-0000-0001-0000-000000000001', '2025-11-20 14:00:00', '2025-11-20 14:05:00', 'SALE-20251120-001', '10000000-0000-0000-0000-000000000001', 'COMPLETED', '50000000-0000-0000-0000-000000000004', '50000000-0000-0000-0000-000000000004', 300.0000),
('90000000-0000-0001-0000-000000000002', '2025-12-12 11:30:00', '2025-12-12 11:30:00', 'SALE-20251212-001', '10000000-0000-0000-0000-000000000001', 'CANCELLED', '50000000-0000-0000-0000-000000000004', '50000000-0000-0000-0000-000000000004', 120.0000),
('90000000-0000-0001-0000-000000000003', '2026-01-05 10:15:00', '2026-01-05 10:20:00', 'SALE-20260105-001', '10000000-0000-0000-0000-000000000001', 'COMPLETED', '50000000-0000-0000-0000-000000000004', '50000000-0000-0000-0000-000000000004', 450.0000),
('90000000-0000-0001-0000-000000000004', '2026-02-18 16:45:00', '2026-02-18 16:50:00', 'SALE-20260218-001', '10000000-0000-0000-0000-000000000001', 'COMPLETED', '50000000-0000-0000-0000-000000000004', '50000000-0000-0000-0000-000000000004', 180.0000),
('90000000-0000-0001-0000-000000000005', '2026-03-10 09:20:00', '2026-03-10 09:25:00', 'SALE-20260310-001', '10000000-0000-0000-0000-000000000001', 'COMPLETED', '50000000-0000-0000-0000-000000000004', '50000000-0000-0000-0000-000000000004', 600.0000),
('90000000-0000-0001-0000-000000000006', '2026-03-25 15:10:00', '2026-03-25 15:10:00', 'SALE-20260325-001', '10000000-0000-0000-0000-000000000001', 'CANCELLED', '50000000-0000-0000-0000-000000000004', '50000000-0000-0000-0000-000000000004', 250.0000),
('90000000-0000-0001-0000-000000000007', '2026-04-05 11:55:00', '2026-04-05 12:00:00', 'SALE-20260405-001', '10000000-0000-0000-0000-000000000001', 'COMPLETED', '50000000-0000-0000-0000-000000000004', '50000000-0000-0000-0000-000000000004', 720.0000),
('90000000-0000-0001-0000-000000000008', '2026-04-20 14:30:00', '2026-04-20 14:35:00', 'SALE-20260420-001', '10000000-0000-0000-0000-000000000001', 'COMPLETED', '50000000-0000-0000-0000-000000000004', '50000000-0000-0000-0000-000000000004', 360.0000),
('90000000-0000-0001-0000-000000000009', '2026-04-28 08:45:00', '2026-04-28 08:45:00', 'SALE-20260428-001', '10000000-0000-0000-0000-000000000001', 'CANCELLED', '50000000-0000-0000-0000-000000000004', '50000000-0000-0000-0000-000000000004', 90.0000),
('90000000-0000-0001-0000-000000000010', '2026-05-02 13:20:00', '2026-05-02 13:25:00', 'SALE-20260502-001', '10000000-0000-0000-0000-000000000001', 'COMPLETED', '50000000-0000-0000-0000-000000000004', '50000000-0000-0000-0000-000000000004', 400.0000);

-- SALE ITEMS
INSERT INTO sale_items (id, created_at, updated_at, created_by_id, updated_by_id, sale_id, product_id, quantity, unit_price) VALUES
('91000000-0000-0001-0000-000000000001', '2025-11-20 14:00:00', '2025-11-20 14:05:00', '50000000-0000-0000-0000-000000000004', '50000000-0000-0000-0000-000000000004', '90000000-0000-0001-0000-000000000001', '40000000-0000-0000-0000-000000000001', 20.0000, 15.0000),
('91000000-0000-0001-0000-000000000002', '2025-12-12 11:30:00', '2025-12-12 11:30:00', '50000000-0000-0000-0000-000000000004', '50000000-0000-0000-0000-000000000004', '90000000-0000-0001-0000-000000000002', '40000000-0000-0000-0000-000000000002', 4.0000, 30.0000),
('91000000-0000-0001-0000-000000000003', '2026-01-05 10:15:00', '2026-01-05 10:20:00', '50000000-0000-0000-0000-000000000004', '50000000-0000-0000-0000-000000000004', '90000000-0000-0001-0000-000000000003', '40000000-0000-0000-0000-000000000003', 18.0000, 25.0000),
('91000000-0000-0001-0000-000000000004', '2026-02-18 16:45:00', '2026-02-18 16:50:00', '50000000-0000-0000-0000-000000000004', '50000000-0000-0000-0000-000000000004', '90000000-0000-0001-0000-000000000004', '40000000-0000-0000-0000-000000000005', 6.0000, 30.0000),
('91000000-0000-0001-0000-000000000005', '2026-03-10 09:20:00', '2026-03-10 09:25:00', '50000000-0000-0000-0000-000000000004', '50000000-0000-0000-0000-000000000004', '90000000-0000-0001-0000-000000000005', '40000000-0000-0000-0000-000000000002', 20.0000, 30.0000),
('91000000-0000-0001-0000-000000000006', '2026-03-25 15:10:00', '2026-03-25 15:10:00', '50000000-0000-0000-0000-000000000004', '50000000-0000-0000-0000-000000000004', '90000000-0000-0001-0000-000000000006', '40000000-0000-0000-0000-000000000001', 10.0000, 25.0000),
('91000000-0000-0001-0000-000000000007', '2026-04-05 11:55:00', '2026-04-05 12:00:00', '50000000-0000-0000-0000-000000000004', '50000000-0000-0000-0000-000000000004', '90000000-0000-0001-0000-000000000007', '40000000-0000-0000-0000-000000000003', 24.0000, 30.0000),
('91000000-0000-0001-0000-000000000008', '2026-04-20 14:30:00', '2026-04-20 14:35:00', '50000000-0000-0000-0000-000000000004', '50000000-0000-0000-0000-000000000004', '90000000-0000-0001-0000-000000000008', '40000000-0000-0000-0000-000000000005', 12.0000, 30.0000),
('91000000-0000-0001-0000-000000000009', '2026-04-28 08:45:00', '2026-04-28 08:45:00', '50000000-0000-0000-0000-000000000004', '50000000-0000-0000-0000-000000000004', '90000000-0000-0001-0000-000000000009', '40000000-0000-0000-0000-000000000001', 6.0000, 15.0000),
('91000000-0000-0001-0000-000000000010', '2026-05-02 13:20:00', '2026-05-02 13:25:00', '50000000-0000-0000-0000-000000000004', '50000000-0000-0000-0000-000000000004', '90000000-0000-0001-0000-000000000010', '40000000-0000-0000-0000-000000000002', 16.0000, 25.0000);


-- TRANSFERS (Out of Bogota Centro)
INSERT INTO transfers (id, created_at, updated_at, transfer_number, from_branch_id, to_branch_id, status, created_by_id, updated_by_id) VALUES
('a0000000-0000-0001-0000-000000000001', '2025-11-25 09:00:00', '2025-11-25 10:00:00', 'TRF-20251125-001', '10000000-0000-0000-0000-000000000001', '10000000-0000-0000-0000-000000000002', 'COMPLETED', '50000000-0000-0000-0000-000000000004', '50000000-0000-0000-0000-000000000004'),
('a0000000-0000-0001-0000-000000000002', '2025-12-15 14:30:00', '2025-12-15 14:30:00', 'TRF-20251215-001', '10000000-0000-0000-0000-000000000001', '10000000-0000-0000-0000-000000000003', 'CANCELLED', '50000000-0000-0000-0000-000000000004', '50000000-0000-0000-0000-000000000004'),
('a0000000-0000-0001-0000-000000000003', '2026-01-10 11:15:00', '2026-01-10 12:15:00', 'TRF-20260110-001', '10000000-0000-0000-0000-000000000001', '10000000-0000-0000-0000-000000000004', 'COMPLETED', '50000000-0000-0000-0000-000000000004', '50000000-0000-0000-0000-000000000004'),
('a0000000-0000-0001-0000-000000000004', '2026-02-25 16:00:00', '2026-02-25 17:00:00', 'TRF-20260225-001', '10000000-0000-0000-0000-000000000001', '10000000-0000-0000-0000-000000000005', 'COMPLETED', '50000000-0000-0000-0000-000000000004', '50000000-0000-0000-0000-000000000004'),
('a0000000-0000-0001-0000-000000000005', '2026-03-20 09:45:00', '2026-03-20 09:45:00', 'TRF-20260320-001', '10000000-0000-0000-0000-000000000001', '10000000-0000-0000-0000-000000000002', 'CANCELLED', '50000000-0000-0000-0000-000000000004', '50000000-0000-0000-0000-000000000004'),
('a0000000-0000-0001-0000-000000000006', '2026-04-15 13:20:00', '2026-04-15 14:20:00', 'TRF-20260415-001', '10000000-0000-0000-0000-000000000001', '10000000-0000-0000-0000-000000000003', 'COMPLETED', '50000000-0000-0000-0000-000000000004', '50000000-0000-0000-0000-000000000004'),
('a0000000-0000-0001-0000-000000000007', '2026-05-01 10:10:00', '2026-05-01 11:10:00', 'TRF-20260501-003', '10000000-0000-0000-0000-000000000001', '10000000-0000-0000-0000-000000000004', 'COMPLETED', '50000000-0000-0000-0000-000000000004', '50000000-0000-0000-0000-000000000004');

-- TRANSFER ITEMS
INSERT INTO transfer_items (id, created_at, updated_at, created_by_id, updated_by_id, transfer_id, product_id, quantity) VALUES
('b0000000-0000-0001-0000-000000000001', '2025-11-25 09:00:00', '2025-11-25 10:00:00', '50000000-0000-0000-0000-000000000004', '50000000-0000-0000-0000-000000000004', 'a0000000-0000-0001-0000-000000000001', '40000000-0000-0000-0000-000000000001', 15.0000),
('b0000000-0000-0001-0000-000000000002', '2025-12-15 14:30:00', '2025-12-15 14:30:00', '50000000-0000-0000-0000-000000000004', '50000000-0000-0000-0000-000000000004', 'a0000000-0000-0001-0000-000000000002', '40000000-0000-0000-0000-000000000002', 5.0000),
('b0000000-0000-0001-0000-000000000003', '2026-01-10 11:15:00', '2026-01-10 12:15:00', '50000000-0000-0000-0000-000000000004', '50000000-0000-0000-0000-000000000004', 'a0000000-0000-0001-0000-000000000003', '40000000-0000-0000-0000-000000000003', 10.0000),
('b0000000-0000-0001-0000-000000000004', '2026-02-25 16:00:00', '2026-02-25 17:00:00', '50000000-0000-0000-0000-000000000004', '50000000-0000-0000-0000-000000000004', 'a0000000-0000-0001-0000-000000000004', '40000000-0000-0000-0000-000000000005', 12.0000),
('b0000000-0000-0001-0000-000000000005', '2026-03-20 09:45:00', '2026-03-20 09:45:00', '50000000-0000-0000-0000-000000000004', '50000000-0000-0000-0000-000000000004', 'a0000000-0000-0001-0000-000000000005', '40000000-0000-0000-0000-000000000002', 8.0000),
('b0000000-0000-0001-0000-000000000006', '2026-04-15 13:20:00', '2026-04-15 14:20:00', '50000000-0000-0000-0000-000000000004', '50000000-0000-0000-0000-000000000004', 'a0000000-0000-0001-0000-000000000006', '40000000-0000-0000-0000-000000000001', 20.0000),
('b0000000-0000-0001-0000-000000000007', '2026-05-01 10:10:00', '2026-05-01 11:10:00', '50000000-0000-0000-0000-000000000004', '50000000-0000-0000-0000-000000000004', 'a0000000-0000-0001-0000-000000000007', '40000000-0000-0000-0000-000000000003', 14.0000);
